<keymap version="1" name="Mac OS X 10.5+ copy" parent="Mac OS X 10.5+">
  <action id="FindNext">
    <keyboard-shortcut first-keystroke="f3" />
  </action>
  <action id="FindPrevious">
    <keyboard-shortcut first-keystroke="shift f3" />
  </action>
  <action id="Scala.ShowImplicits">
    <keyboard-shortcut first-keystroke="shift ctrl alt equals" />
    <keyboard-shortcut first-keystroke="shift ctrl alt add" />
  </action>
  <action id="SelectNextOccurrence">
    <keyboard-shortcut first-keystroke="meta g" />
  </action>
  <action id="ToggleBookmark" />
</keymap>