<application>
  <component name="libraryTable">
    <library name="Python 2.7 (BenderLib) interpreter library">
      <CLASSES>
        <root url="file:///Volumes/unix/workplace/BenderLib/env/BrazilPython-2.0/runtime/lib/python2.7/site-packages" />
        <root url="file://$USER_HOME$/.runtimes/Python27/lib/python2.7" />
        <root url="file://$USER_HOME$/.runtimes/Python27/lib/python2.7/plat-darwin" />
        <root url="file://$USER_HOME$/.runtimes/Python27/lib/python2.7/plat-mac" />
        <root url="file://$USER_HOME$/.runtimes/Python27/lib/python2.7/plat-mac/lib-scriptpackages" />
        <root url="file://$USER_HOME$/.runtimes/Python27/lib/python2.7/lib-tk" />
        <root url="file://$USER_HOME$/.runtimes/Python27/lib/python2.7/lib-dynload" />
        <root url="file://$USER_HOME$/.runtimes/Python27/lib/python2.7/site-packages" />
        <root url="file://$USER_HOME$/Library/Caches/IntelliJIdea2018.3/python_stubs/-685815728" />
        <root url="file://$APPLICATION_PLUGINS_DIR$/python/helpers/python-skeletons" />
        <root url="file://$APPLICATION_PLUGINS_DIR$/python/helpers/typeshed/stdlib/2" />
        <root url="file://$APPLICATION_PLUGINS_DIR$/python/helpers/typeshed/stdlib/2and3" />
        <root url="file://$APPLICATION_PLUGINS_DIR$/python/helpers/typeshed/third_party/2" />
        <root url="file://$APPLICATION_PLUGINS_DIR$/python/helpers/typeshed/third_party/2and3" />
      </CLASSES>
      <JAVADOC />
      <SOURCES>
        <root url="file:///Volumes/unix/workplace/BenderLib/env/BrazilPython-2.0/runtime/lib/python2.7/site-packages" />
        <root url="file://$USER_HOME$/.runtimes/Python27/lib/python2.7" />
        <root url="file://$USER_HOME$/.runtimes/Python27/lib/python2.7/plat-darwin" />
        <root url="file://$USER_HOME$/.runtimes/Python27/lib/python2.7/plat-mac" />
        <root url="file://$USER_HOME$/.runtimes/Python27/lib/python2.7/plat-mac/lib-scriptpackages" />
        <root url="file://$USER_HOME$/.runtimes/Python27/lib/python2.7/lib-tk" />
        <root url="file://$USER_HOME$/.runtimes/Python27/lib/python2.7/lib-dynload" />
        <root url="file://$USER_HOME$/.runtimes/Python27/lib/python2.7/site-packages" />
        <root url="file://$USER_HOME$/Library/Caches/IntelliJIdea2018.3/python_stubs/-685815728" />
        <root url="file://$APPLICATION_PLUGINS_DIR$/python/helpers/python-skeletons" />
        <root url="file://$APPLICATION_PLUGINS_DIR$/python/helpers/typeshed/stdlib/2" />
        <root url="file://$APPLICATION_PLUGINS_DIR$/python/helpers/typeshed/stdlib/2and3" />
        <root url="file://$APPLICATION_PLUGINS_DIR$/python/helpers/typeshed/third_party/2" />
        <root url="file://$APPLICATION_PLUGINS_DIR$/python/helpers/typeshed/third_party/2and3" />
      </SOURCES>
    </library>
    <library name="Python 2.7 (venv) interpreter library">
      <CLASSES>
        <root url="file://$USER_HOME$/workplace/FenixCoverageAnalysis/venv/lib/python2.7" />
        <root url="file://$USER_HOME$/workplace/FenixCoverageAnalysis/venv/lib/python2.7/lib-dynload" />
        <root url="file://$USER_HOME$/anaconda2/lib/python2.7" />
        <root url="file://$USER_HOME$/anaconda2/lib/python2.7/plat-darwin" />
        <root url="file://$USER_HOME$/anaconda2/lib/python2.7/lib-tk" />
        <root url="file://$USER_HOME$/anaconda2/lib/python2.7/plat-mac" />
        <root url="file://$USER_HOME$/anaconda2/lib/python2.7/plat-mac/lib-scriptpackages" />
        <root url="file://$USER_HOME$/workplace/FenixCoverageAnalysis/venv/lib/python2.7/site-packages" />
        <root url="file://$USER_HOME$/Library/Caches/IntelliJIdea2018.3/python_stubs/-949080879" />
        <root url="file://$APPLICATION_PLUGINS_DIR$/python/helpers/python-skeletons" />
        <root url="file://$APPLICATION_PLUGINS_DIR$/python/helpers/typeshed/stdlib/2" />
        <root url="file://$APPLICATION_PLUGINS_DIR$/python/helpers/typeshed/stdlib/2and3" />
        <root url="file://$APPLICATION_PLUGINS_DIR$/python/helpers/typeshed/third_party/2" />
        <root url="file://$APPLICATION_PLUGINS_DIR$/python/helpers/typeshed/third_party/2and3" />
      </CLASSES>
      <JAVADOC />
      <SOURCES>
        <root url="file://$USER_HOME$/workplace/FenixCoverageAnalysis/venv/lib/python2.7" />
        <root url="file://$USER_HOME$/workplace/FenixCoverageAnalysis/venv/lib/python2.7/lib-dynload" />
        <root url="file://$USER_HOME$/anaconda2/lib/python2.7" />
        <root url="file://$USER_HOME$/anaconda2/lib/python2.7/plat-darwin" />
        <root url="file://$USER_HOME$/anaconda2/lib/python2.7/lib-tk" />
        <root url="file://$USER_HOME$/anaconda2/lib/python2.7/plat-mac" />
        <root url="file://$USER_HOME$/anaconda2/lib/python2.7/plat-mac/lib-scriptpackages" />
        <root url="file://$USER_HOME$/workplace/FenixCoverageAnalysis/venv/lib/python2.7/site-packages" />
        <root url="file://$USER_HOME$/Library/Caches/IntelliJIdea2018.3/python_stubs/-949080879" />
        <root url="file://$APPLICATION_PLUGINS_DIR$/python/helpers/python-skeletons" />
        <root url="file://$APPLICATION_PLUGINS_DIR$/python/helpers/typeshed/stdlib/2" />
        <root url="file://$APPLICATION_PLUGINS_DIR$/python/helpers/typeshed/stdlib/2and3" />
        <root url="file://$APPLICATION_PLUGINS_DIR$/python/helpers/typeshed/third_party/2" />
        <root url="file://$APPLICATION_PLUGINS_DIR$/python/helpers/typeshed/third_party/2and3" />
      </SOURCES>
    </library>
    <library name="Python 3.4 (test-runtime) interpreter library">
      <CLASSES>
        <root url="file://$USER_HOME$/workplace/BenderLib/env/BenderLibMWS-1.8/test-runtime/lib/python3.4/site-packages" />
        <root url="file://$USER_HOME$/.runtimes/Python34/lib/python3.4" />
        <root url="file://$USER_HOME$/.runtimes/Python34/lib/python3.4/plat-darwin" />
        <root url="file://$USER_HOME$/.runtimes/Python34/lib/python3.4/lib-dynload" />
        <root url="file://$USER_HOME$/workplace/BenderLib/env/BenderLibMWS-1.8/test-runtime/lib/python3.4/site-packages/BenderLibApolloLocal" />
        <root url="file://$USER_HOME$/workplace/BenderLib/env/BenderLibMWS-1.8/test-runtime/lib/python3.4/site-packages/BenderLibCore" />
        <root url="file://$USER_HOME$/workplace/BenderLib/env/BenderLibMWS-1.8/test-runtime/lib/python3.4/site-packages/BenderLibHttpAPIClient" />
        <root url="file://$USER_HOME$/workplace/BenderLib/env/BenderLibMWS-1.8/test-runtime/lib/python3.4/site-packages/BenderLibLocator" />
        <root url="file://$USER_HOME$/workplace/BenderLib/env/BenderLibMWS-1.8/test-runtime/lib/python3.4/site-packages/BenderLibMWS" />
        <root url="file://$USER_HOME$/.runtimes/Python34/lib/python3.4/site-packages" />
        <root url="file://$USER_HOME$/Library/Caches/IntelliJIdea2018.3/python_stubs/703447722" />
        <root url="file://$APPLICATION_PLUGINS_DIR$/python/helpers/python-skeletons" />
        <root url="file://$APPLICATION_PLUGINS_DIR$/python/helpers/typeshed/stdlib/3" />
        <root url="file://$APPLICATION_PLUGINS_DIR$/python/helpers/typeshed/stdlib/2and3" />
        <root url="file://$APPLICATION_PLUGINS_DIR$/python/helpers/typeshed/third_party/3" />
        <root url="file://$APPLICATION_PLUGINS_DIR$/python/helpers/typeshed/third_party/2and3" />
      </CLASSES>
      <JAVADOC />
      <SOURCES>
        <root url="file://$USER_HOME$/workplace/BenderLib/env/BenderLibMWS-1.8/test-runtime/lib/python3.4/site-packages" />
        <root url="file://$USER_HOME$/.runtimes/Python34/lib/python3.4" />
        <root url="file://$USER_HOME$/.runtimes/Python34/lib/python3.4/plat-darwin" />
        <root url="file://$USER_HOME$/.runtimes/Python34/lib/python3.4/lib-dynload" />
        <root url="file://$USER_HOME$/workplace/BenderLib/env/BenderLibMWS-1.8/test-runtime/lib/python3.4/site-packages/BenderLibApolloLocal" />
        <root url="file://$USER_HOME$/workplace/BenderLib/env/BenderLibMWS-1.8/test-runtime/lib/python3.4/site-packages/BenderLibCore" />
        <root url="file://$USER_HOME$/workplace/BenderLib/env/BenderLibMWS-1.8/test-runtime/lib/python3.4/site-packages/BenderLibHttpAPIClient" />
        <root url="file://$USER_HOME$/workplace/BenderLib/env/BenderLibMWS-1.8/test-runtime/lib/python3.4/site-packages/BenderLibLocator" />
        <root url="file://$USER_HOME$/workplace/BenderLib/env/BenderLibMWS-1.8/test-runtime/lib/python3.4/site-packages/BenderLibMWS" />
        <root url="file://$USER_HOME$/.runtimes/Python34/lib/python3.4/site-packages" />
        <root url="file://$USER_HOME$/Library/Caches/IntelliJIdea2018.3/python_stubs/703447722" />
        <root url="file://$APPLICATION_PLUGINS_DIR$/python/helpers/python-skeletons" />
        <root url="file://$APPLICATION_PLUGINS_DIR$/python/helpers/typeshed/stdlib/3" />
        <root url="file://$APPLICATION_PLUGINS_DIR$/python/helpers/typeshed/stdlib/2and3" />
        <root url="file://$APPLICATION_PLUGINS_DIR$/python/helpers/typeshed/third_party/3" />
        <root url="file://$APPLICATION_PLUGINS_DIR$/python/helpers/typeshed/third_party/2and3" />
      </SOURCES>
    </library>
    <library name="Python 3.7 (venv) interpreter library">
      <CLASSES>
        <root url="file:///usr/local/Cellar/python/3.7.4/Frameworks/Python.framework/Versions/3.7/lib/python3.7" />
        <root url="file:///usr/local/Cellar/python/3.7.4/Frameworks/Python.framework/Versions/3.7/lib/python3.7/lib-dynload" />
        <root url="file:///Volumes/unix/workplace/python3/venv/lib/python3.7/site-packages" />
        <root url="jar:///Volumes/unix/workplace/python3/venv/lib/python3.7/site-packages/setuptools-39.1.0-py3.7.egg!/" />
        <root url="file:///Volumes/unix/workplace/python3/venv/lib/python3.7/site-packages/pip-10.0.1-py3.7.egg" />
        <root url="file://$USER_HOME$/Library/Caches/IntelliJIdea2018.3/python_stubs/-1652458743" />
        <root url="file://$APPLICATION_PLUGINS_DIR$/python/helpers/python-skeletons" />
        <root url="file://$APPLICATION_PLUGINS_DIR$/python/helpers/typeshed/stdlib/3" />
        <root url="file://$APPLICATION_PLUGINS_DIR$/python/helpers/typeshed/stdlib/2and3" />
        <root url="file://$APPLICATION_PLUGINS_DIR$/python/helpers/typeshed/third_party/3" />
        <root url="file://$APPLICATION_PLUGINS_DIR$/python/helpers/typeshed/third_party/2and3" />
      </CLASSES>
      <JAVADOC />
      <SOURCES>
        <root url="file:///usr/local/Cellar/python/3.7.4/Frameworks/Python.framework/Versions/3.7/lib/python3.7" />
        <root url="file:///usr/local/Cellar/python/3.7.4/Frameworks/Python.framework/Versions/3.7/lib/python3.7/lib-dynload" />
        <root url="file:///Volumes/unix/workplace/python3/venv/lib/python3.7/site-packages" />
        <root url="jar:///Volumes/unix/workplace/python3/venv/lib/python3.7/site-packages/setuptools-39.1.0-py3.7.egg!/" />
        <root url="file:///Volumes/unix/workplace/python3/venv/lib/python3.7/site-packages/pip-10.0.1-py3.7.egg" />
        <root url="file://$USER_HOME$/Library/Caches/IntelliJIdea2018.3/python_stubs/-1652458743" />
        <root url="file://$APPLICATION_PLUGINS_DIR$/python/helpers/python-skeletons" />
        <root url="file://$APPLICATION_PLUGINS_DIR$/python/helpers/typeshed/stdlib/3" />
        <root url="file://$APPLICATION_PLUGINS_DIR$/python/helpers/typeshed/stdlib/2and3" />
        <root url="file://$APPLICATION_PLUGINS_DIR$/python/helpers/typeshed/third_party/3" />
        <root url="file://$APPLICATION_PLUGINS_DIR$/python/helpers/typeshed/third_party/2and3" />
      </SOURCES>
    </library>
    <library name="scala-sdk-2.11.81" type="Scala">
      <properties>
        <language-level>Scala_2_11</language-level>
        <compiler-classpath>
          <root url="file:///Volumes/unix/workplace/Q2BLAggregation/env/ScalaLang211-1.0/runtime/Scala2.11/scala-library.jar" />
          <root url="file:///Volumes/unix/workplace/Q2BLAggregation/env/ScalaLang211-1.0/runtime/Scala2.11/scala-compiler.jar" />
          <root url="file:///Volumes/unix/workplace/Q2BLAggregation/env/ScalaLang211-1.0/runtime/Scala2.11/scala-reflect.jar" />
        </compiler-classpath>
      </properties>
      <CLASSES>
        <root url="jar:///Volumes/unix/workplace/Q2BLAggregation/env/ScalaLang211-1.0/runtime/Scala2.11/scala-library.jar!/" />
        <root url="jar:///Volumes/unix/workplace/Q2BLAggregation/env/ScalaLang211-1.0/runtime/Scala2.11/scala-parser-combinators.jar!/" />
        <root url="jar:///Volumes/unix/workplace/Q2BLAggregation/env/ScalaLang211-1.0/runtime/Scala2.11/scala-actors.jar!/" />
        <root url="jar:///Volumes/unix/workplace/Q2BLAggregation/env/ScalaLang211-1.0/runtime/Scala2.11/scala-swing.jar!/" />
        <root url="jar:///Volumes/unix/workplace/Q2BLAggregation/env/ScalaLang211-1.0/runtime/Scala2.11/scala-reflect.jar!/" />
        <root url="jar:///Volumes/unix/workplace/Q2BLAggregation/env/ScalaLang211-1.0/runtime/Scala2.11/scala-xml.jar!/" />
      </CLASSES>
      <JAVADOC>
        <root url="http://www.scala-lang.org/api/2.11.8/" />
      </JAVADOC>
      <SOURCES />
    </library>
  </component>
</application>