<application>
  <component name="FileTypeManager" version="17">
    <extensionMap>
      <mapping ext="klib" type="ARCHIVE" />
      <mapping pattern="test" type="PLAIN_TEXT" />
      <mapping pattern="latency_analysis_wiki" type="PLAIN_TEXT" />
      <mapping pattern="PRODUCE_BATS_CONFIG_FILE" type="PLAIN_TEXT" />
      <mapping pattern="wiki" type="PLAIN_TEXT" />
      <mapping pattern="PRODUCE_SAM_MERGE_FILE" type="PLAIN_TEXT" />
      <mapping ext="nvp" type="PLAIN_TEXT" />
    </extensionMap>
  </component>
</application>