<application>
  <component name="CodeStyleSchemesUIConfiguration">
    <option name="RECENT_IMPORT_FILE_LOCATION" value="file:$USER_HOME$/Downloads/Advertising/Fenix/Fenix-intellij-idea-formatter.xml" />
  </component>
  <component name="NodeJsLocalInterpreters">
    <local-interpreter path="/usr/local/bin/node" />
  </component>
  <component name="PropertiesComponent">
    <property name="CommitChangeListDialog.DETAILS_SPLITTER_PROPORTION_2" value="0.94676256" />
    <property name="CommittedChanges.SplitterProportions.0" value="700" />
    <property name="CommittedChanges.SplitterProportions.1" value="500" />
    <property name="Copy.OpenInEditor" value="true" />
    <property name="Darcula.SavedEditorTheme" value="_@user_Darcula" />
    <property name="Default.SavedEditorTheme" value="_@user_Default" />
    <property name="ExpandBeforeRunStepsPanel" value="true" />
    <property name="ExpandRunDashboardTypesPanel" value="false" />
    <property name="FrameworksFinderRecursivePanel[0]" value="0.10822511" />
    <property name="FrameworksFinderRecursivePanel[1]" value="0.12143291" />
    <property name="FrameworksFinderRecursivePanel[2]" value="0.1383126" />
    <property name="GradleModuleWizard.inheritGroupId" value="true" />
    <property name="GradleModuleWizard.inheritVersion" value="true" />
    <property name="InstalledPluginsSearchHistory" value="sc&#10;scala&#10;ko&#10;tom&#10;lom" />
    <property name="JUnitSupport.hidePassedTests" value="false" />
    <property name="KEYMAP" value="copy&#10;paste" />
    <property name="LayoutCode.codeCleanup" value="true" />
    <property name="LayoutCode.optimizeImports" value="true" />
    <property name="LayoutCode.rearrangeEntries" value="true" />
    <property name="MemberChooser.copyJavadoc" value="false" />
    <property name="MemberChooser.showClasses" value="true" />
    <property name="ProjectStructure.SecondLevelElements" value="0.1500484" />
    <property name="ProjectStructure.TopLevelElements" value="0.28222656" />
    <property name="SettingsSearchHistory" value="license&#10;Tab,Indent&#10;eclipse&#10;formatter&#10;wrapp" />
    <property name="ShowDocumentationInToolWindow" value="false" />
    <property name="SplitFileEditor.Proportion" value="0.5926829" />
    <property name="SpringBeansModulesPanel[0]" value="0.08038585" />
    <property name="SpringBeansModulesPanel[1]" value="0.06457862" />
    <property name="SpringBeansModulesPanel[2]" value="0.1418709" />
    <property name="SpringBeansModulesPanel[3]" value="0.17337088" />
    <property name="TrendingPluginsSearchHistory" value="DevSyncIntellijPlugin&#10;scala&#10;show as&#10;json&#10;lombok" />
    <property name="UpdatePluginsSearchHistory" value="Java" />
    <property name="XDebuggerExpressionEditor_Use_Soft_Wraps" value="true" />
    <property name="annotate.short.names.type" value="firstname" />
    <property name="blackCaiman.identityCache.us-east-1:77f0f610-7fe6-4149-9b79-96fe20881236" value="us-east-1:2c96379a-2a9c-4ef6-9874-13385f96bd89" />
    <property name="build.toolwindow.Sync.selection.state" value="com.intellij.build.BuildTreeConsoleView" />
    <property name="build.toolwindow.run.selection.state" value="consoleView" />
    <property name="com.intellij.history.integration.ui.views.FileHistoryDialog.0" value="119" />
    <property name="com.intellij.history.integration.ui.views.FileHistoryDialog.1" value="800" />
    <property name="com.intellij.openapi.roots.ui.configuration.TabbedModuleEditor.selectedEditor" value="Dependencies" />
    <property name="com.intellij.xdebugger.impl.breakpoints.ui.BreakpointsDialogFactory$2.splitter" value="0.6734564" />
    <property name="create.project.preferred.importer" value="Existing Sources" />
    <property name="decompiler.legal.notice.accepted" value="true" />
    <property name="defaultJdkConfigured" value="true" />
    <property name="devSync.identityCache.us-east-1:b551afb8-5656-4f49-858b-6785f07b4c02" value="us-east-1:d2d21732-21ad-42e7-98a3-c92a36ecc8fd" />
    <property name="es6.show.auto.import" value="true" />
    <property name="evlsprt3.183" value="19" />
    <property name="file.chooser.recent.files" value="$USER_HOME$/workplace/PythonHelloWorld-singhjfi/env/PythonHelloWorld-singhjfi-1.0/test-runtime/python3.6/bin/python&#10;/Users/singhjfi/workplace/BenderLib/env/BenderLibMWS-1.8/test-runtime/bin/python3.4&#10;/Users/singhjfi/workplace/FenixCoverageAnalysis/venv/bin/python&#10;/Users/singhjfi/workplace/BenderLib/env/BrazilPython-2.0/runtime/bin/python2.7&#10;/Users/singhjfi/workplace/BenderLib/env/BenderLibWiki-2.2/runtime/bin/python&#10;/Users/singhjfi/workplace/BenderLib/env/BrazilPython-3.0/runtime/python-variant/python2.7&#10;/Users/singhjfi/anaconda2/bin/python&#10;/Users/singhjfi/anaconda3/bin/python&#10;/Users/singhjfi/workplace/FenixService/src" />
    <property name="file.gist.reindex.count" value="140275" />
    <property name="fileTypeChangedCounter" value="7" />
    <property name="find.popup.splitter" value="0.5895865" />
    <property name="ideavim.statistics.timestamp" value="1587109570819" />
    <property name="installed.kotlin.plugin.version" value="1.3.11-release-IJ2018.3-1" />
    <property name="jdk.selected.JAVA_MODULE" value="1.8" />
    <property name="large.file.editor.notification.disabled" value="true" />
    <property name="last.imported.location" value="/Volumes/unix/workplace/CR-21931920-GenericQueries" />
    <property name="last.used.gradle.home" value="/Volumes/unix/workplace/SpringDemo3" />
    <property name="lastTip" value="156" />
    <property name="project.wizard.group" value="Scala" />
    <property name="project.wizard.template" value="sbt" />
    <property name="quick.doc.font.size" value="MEDIUM" />
    <property name="scala.last.updated" value="1586934384201" />
    <property name="settings.code.style.selected.tab.JAVA" value="Tabs and Indents" />
    <property name="show.vcs.annotation.aspect.Commit number" value="false" />
    <property name="show.vcs.annotation.aspect.Date" value="false" />
    <property name="show.vcs.annotation.aspect.Revision" value="true" />
    <property name="spring.initializr.service.url.history" value="" />
    <property name="spring.initializr.service.url.last" value="https://start.spring.io" />
    <property name="ts.lib.d.ts.version" value="3.2.1" />
    <property name="typescript.show.auto.import" value="true" />
    <property name="vcs.history.diff.splitter.proportion" value="0.3469688" />
    <property name="vcs.log.changes.splitter.proportion" value="0.43133047" />
    <property name="vcs.log.details.splitter.proportion" value="0.64451826" />
  </component>
  <component name="PyTestFrameworkService">
    <option name="SDK_TO_PYTEST">
      <map>
        <entry key="/Volumes/unix/workplace/FenixCoverageAnalysis/venv/bin/python" value="false" />
        <entry key="/Volumes/unix/workplace/python3/venv/bin/python" value="false" />
      </map>
    </option>
  </component>
</application>